<?xml version="1.0" encoding="UTF-8"?>
<project-private xmlns="http://www.netbeans.org/ns/project-private/1">
    <editor-bookmarks xmlns="http://www.netbeans.org/ns/editor-bookmarks/2" lastBookmarkId="0"/>
    <open-files xmlns="http://www.netbeans.org/ns/projectui-open-files/2">
        <group>
            <file>file:/C:/Users/aryaa/OneDrive/Dokumen/NetBeansProjects/Apotik_Dua_Masa/src/koneksi/Loading.java</file>
            <file>file:/C:/Users/aryaa/OneDrive/Dokumen/NetBeansProjects/Apotik_Dua_Masa/src/apotik_dua_masa/Kasir.java</file>
            <file>file:/C:/Users/aryaa/OneDrive/Dokumen/NetBeansProjects/Apotik_Dua_Masa/src/apotik_dua_masa/Obat.java</file>
            <file>file:/C:/Users/aryaa/OneDrive/Dokumen/NetBeansProjects/Apotik_Dua_Masa/src/koneksi/Connection.java</file>
            <file>file:/C:/Users/aryaa/OneDrive/Dokumen/NetBeansProjects/Apotik_Dua_Masa/src/koneksi/Parameter.java</file>
        </group>
    </open-files>
</project-private>
